transaction_amount,customer_age,payment_method,transaction_amount_log,is_fraud
-0.6300586927733491,0.5624124015873011,2,-2.885995038280053,1
0.20596177092618317,0.6172990282815729,1,-1.0343232284483108,0
0.8463505737323606,1.4962513725763482,0,-1.4007136398469582,1
1.185181256417534,0.9765519962680975,2,0.25669261957424006,1
0.12649323990899375,1.4227991502650217,0,-1.3732388152011412,0
-1.6033320803235922,0.38975036686844844,2,-0.713136767763168,0
0.3259924075742975,0.18151494451146355,2,-1.1708165589332258,1
1.9544930357402408,1.7545103239011213,1,-1.2023090113394475,1
1.6509736646632276,1.1023867865888637,0,-0.6982895332507084,1
-0.284233834991259,1.8329426155722395,2,-1.4251742486180896,0
-1.0377758474735193,1.8792962616175664,0,-1.195271974416788,0
-1.4761488910855534,1.0168454646975245,0,-0.7583791799476796,0
-1.4514779587544766,0.7803861650614762,0,-0.8746890102984259,0
1.5166932072284025,1.4708509035013522,0,-2.5324967850890667,1
1.3840691536134433,1.6782575438080813,0,-2.215584572352701,1
1.633836853801616,1.349254775535948,0,-0.5953234212227162,1
1.0655873690555508,1.6488577914978775,0,-2.481609073606106,1
0.3181748784879317,0.7639318229184073,2,-1.6168532873267818,1
1.689401159910908,1.46977914388508,2,-1.5879136344292422,1
-0.7390161500136903,0.5051791047297622,2,-0.9217940024229752,0
1.0373241511736844,0.9889687135731089,0,-0.4054820860941324,1
1.1086701763689468,2.159933791047785,1,-2.191810073486205,1
0.5994352993364109,1.0581410770598259,2,-1.6871065079652123,1
-0.8728491098757536,3.0585834606396993,1,-1.7301135901561566,0
-0.9796337105738849,1.9748965069476534,1,-1.2782191298956973,0
0.762355035469918,1.2238519767516078,0,-1.9471146150416883,1
-1.0285476840987464,0.8410135713849072,1,-0.9728560844307522,0
0.3998807879699442,0.31158560892329734,0,-0.17845232035455072,1
0.926307932559957,2.100464189816349,2,-3.3807769168910617,1
0.41319875232374226,1.1352243569396903,0,-2.4645457756279843,1
-1.058548273598618,1.7049583855926547,0,-1.1837984976170475,0
0.7985443513657351,2.280977775718391,2,-3.4185657256812774,1
1.121448288626504,0.08225570431874585,0,1.1543483773294945,1
0.7161718570296811,0.2570689097713027,2,-0.16855671318076304,1
0.7663048041375398,0.8465756398338847,2,-0.45502963615384884,1
1.431955592557005,0.9933360562362028,0,0.052543606500313755,1
1.3316921977176155,0.8899990002617373,2,-0.6952693314883827,1
1.686723981231954,1.0417588653630059,2,-0.4481514368889469,1
-0.41493814311098487,0.12466771091125117,0,-0.8266836981540842,0
1.5262638299762754,1.1587722966402492,1,-0.3948921178386344,1
-1.0551862816147417,0.8616968771277991,0,-1.0392961846155329,0
-1.3796976890147699,1.1152192466402095,1,-0.9050897987477189,0
1.5338510249896724,1.8626649577591758,0,-1.6637723975676364,1
1.2950284174963091,1.9776718788946432,0,-1.9777217439138424,1
-1.7947399700988336,0.8826823199138205,2,-0.8689671885447829,0
-1.1039623943425363,-0.12004208191737664,0,-0.6460385294916279,0
1.5346495918684226,1.838294779234542,0,-1.7376672380324298,1
0.3589272275300217,0.34367342711301385,0,-1.5266414187389512,1
-1.1148121563939466,1.50512165037836,2,-1.215986262252065,0
-0.8543896632264351,1.452104485312264,1,-1.2021977001244437,0
0.7759920872799075,1.2201262465214637,2,-2.28993738481735,1
0.9894816435015269,1.0159012072513658,0,-0.31852113119733816,1
0.728296320517223,0.6985997574334124,2,-0.30549538275709665,1
-2.0856485267311955,0.6691494759718422,0,-0.6989274588260899,0
-0.28077407356381845,0.3741563642338508,2,-1.0376564158926171,0
-2.407374161936458,0.17534959484628654,1,-0.4805679826923097,0
-0.8095124087051542,1.6719229916940854,0,-1.3539332791231273,0
0.585946471143116,0.9102482259423522,0,-1.1326649357718805,1
0.9906030055902755,0.75571633747893,0,-0.1838254090599113,1
0.2733438833306555,1.3314046700711348,0,-2.694262238727125,1
0.3408204816133793,1.3010024621219256,0,-1.9495483057014935,1
2.1105375442725878,1.1268669966917018,0,0.6006136846512613,1
2.623892822330104,1.207149400764962,0,1.041501077788093,1
1.0813592950328725,0.7591032115043342,2,-1.1000987493079735,1
-2.908959751055267,0.5107266044381424,0,-0.513371785116957,0
-1.3308069575192696,1.44660438332594,0,-0.9930355531053694,0
-0.8622377385328976,-0.07164406323869921,1,-0.6069069701449094,0
1.4249422290810583,0.4650100519284396,2,-0.027826835318656262,1
1.9951453639968189,2.5063101007306514,1,-2.7789659960137065,1
1.279206112383203,1.1271073729213192,2,-0.6230205437751859,1
1.919706593382551,1.5140145456557046,2,-1.4805226283062412,1
-0.050617508067815065,0.2896705139926037,2,-0.6916771525611569,1
-0.7349876641258001,-0.005488386826725256,0,-0.7694794420598539,0
-0.37257361710415837,1.7422843800285803,0,-1.3870241937495145,0
1.5004776410785952,1.0131613603890717,0,-0.8717338325160207,1
0.8506161960041234,0.14580172275745784,1,-0.17342320608723483,1
0.9552410087583172,0.8753159903282425,1,-0.9434763726284183,1
0.31853070182105947,2.3667948674982426,2,-1.588980358724024,0
-1.3263151992050943,-0.20538021271218243,0,-0.5025623875972405,0
-1.506132185405677,0.47824954832451594,1,-0.7586072288867346,0
-0.4450856307868515,1.2711904003499346,0,-1.2786832540107127,0
1.3449859148259988,1.3051322515771742,2,-1.4421661918747353,1
-0.025153479932646272,1.2432197956561768,1,-3.438743116201298,1
1.4424984472285067,0.6012357276874436,2,-0.21163840166999448,1
-0.5819821581326547,0.9972664579391463,1,-0.9249364078004138,0
-0.7292754035307736,1.0350833049182098,0,-1.1250435910074936,0
0.7514413896657068,1.2739850853652435,0,-2.1376308735848673,1
1.2457597513723275,2.6271807737823067,1,-3.5927891790205164,1
-1.1080539458652339,2.3502502280497692,2,-1.4782006701310115,0
1.5866930869093225,0.2954609187424042,2,0.6280343791936414,1
1.1009742119232608,0.9116911224674118,1,-1.4630955829961017,1
0.9038529437420304,1.7648669806049477,0,-2.4782810714497012,1
-1.0352435409541374,2.332075939092225,2,-1.4894197032245478,0
0.3629101008395047,1.1420876409019298,0,-1.437408346104664,1
-0.8933162680997521,0.7785465649014269,1,-0.9210195274941169,0
1.1531661354148093,0.5808836235037371,2,-0.21463119019106303,1
0.95593665807528,0.31571573180015355,1,0.08941367540683798,1
1.95043925837756,0.7757565275779529,0,-0.20830879396199697,1
-0.044606481931012354,1.6128506204177788,2,-1.3501737500153799,0
0.0395915478164488,0.8315807163438157,2,-1.1556647805540718,0
0.42570601168724176,0.08487681725486729,1,-0.7762404277906398,1
-0.9643676111726209,-0.11263345613506925,0,-0.715217178242739,0
-0.2578295511970663,0.7391694982732855,1,-2.2360608096550623,1
-0.785195626430011,0.14424566003152506,2,-0.7478932858264399,0
-1.9688131319818285,0.5686997955559077,1,-0.7488168887125648,0
1.7216582399671723,1.7237109188507664,1,-1.7331395372571108,1
-0.5838710338762807,1.7047991420301394,0,-1.3921714367050948,0
1.1430687978781704,1.9353512821852372,2,-2.148078965165049,1
0.23965349686149318,0.8574349809807269,0,-1.430002288246353,1
1.4207997621325188,1.7234633117429583,0,-1.7375065536138283,1
-2.1448511244861708,0.12764063126362202,2,-0.34882742766811203,0
-1.177767669406176,0.9471160402337496,2,-0.9624108436763112,0
0.7002821016088938,1.6579549132652889,0,-2.634796253340168,1
0.3624940363103579,0.1834495116037178,0,-0.9232434908021955,1
-1.4061667944082563,0.5345309632651778,1,-0.7294985062457252,0
-1.3462749832381498,0.1268793967486328,1,-0.6492390080230142,0
-1.6264062888613553,1.642842888062062,1,-1.0990642252990777,0
-1.9456021929528022,-0.14384887630696208,2,-0.453391276636425,0
-2.202923532586831,1.1806634993517553,0,-0.8732878426350449,0
0.2985883471976506,0.01185418003329164,0,-0.32651648059691596,1
-0.38366913771586963,2.3025780913730722,2,-1.5515542691942033,0
0.6609309800978049,1.2430132126339808,0,-2.6637287735270627,1
-1.4373250583010517,-0.2287368085475694,0,-0.37707351351563123,0
1.0635720071337693,1.1172394142645334,0,-1.8357037274506252,1
-0.19354676936330262,1.0601859636010438,0,-1.9762981072026338,1
0.8641687296332735,0.8202224955204244,2,-1.5644124804098176,1
0.5975424860599544,1.7515067302290492,0,-2.253882658067842,1
0.8375140613902001,1.276495437817014,0,-1.6708344473423105,1
-2.1157742509649147,-1.5571675818839803,0,0.022306863932552323,0
1.4332862777891215,0.36653012459052514,1,1.0500352951085148,1
-2.0843262061129453,0.050810675087225365,1,-0.5907816986619276,0
-0.9317973074287432,1.6945909092316591,0,-1.1951910622598199,0
0.6015906306513792,0.2464435554061134,2,-0.48574094135858936,1
0.5795853335873811,1.7615566911191318,0,-3.9028471745189703,1
-1.0117276630191403,2.2248362820397647,0,-1.3618643197128826,0
-1.110198519590306,0.7909875708110132,0,-0.910081380923468,0
0.6572571603945131,0.7535275859030771,1,-1.7398986291237324,1
-0.8257354896559844,1.8812372022836423,1,-1.297454748826196,0
-1.016477324494372,1.1363786417293238,1,-1.0352688802807017,0
-0.15297515206830603,1.1093353922223148,0,-2.892454991043044,1
-1.4875245046396968,1.2876189951911479,1,-0.9896168333564921,0
-1.96441536871945,1.3253926852538556,2,-0.8080155867374744,0
-2.588236607468902,0.7625617821222722,2,-0.5732572418181131,0
1.416592126641416,0.7165690959664222,0,0.9385497220656329,1
-0.08304310130072667,-0.034790657328941155,0,-1.3562214377938937,1
-1.2924543955584673,0.9442653931410677,2,-0.9313081509064571,0
-2.2422047914645917,0.7299441240091582,1,-0.7606806318423692,0
-1.201581211674217,1.746427676974386,2,-1.2340452575013348,0
-2.33894777813106,1.8705477473033214,0,-1.0619853310059306,0
0.4906371279927795,1.5217808451776285,1,-1.451989104859166,0
-0.5476154902703373,1.843553952900209,1,-1.3559757766996487,0
-0.481316501426587,0.7821001656062345,2,-1.0807046238505211,0
0.8843490168802364,1.8055234707170942,2,-3.098490202998776,1
0.08076137965980679,1.0124384491999554,1,-1.2937936816295474,0
-0.24095206360199262,-0.04301255999246778,2,-0.4836886436699025,1
0.32519216259478256,0.21355592822096336,2,-0.3983541573218744,1
0.847646661305727,1.4688458284654389,1,-2.3708269675609106,1
0.8287237021209211,0.3350329024060339,2,0.429806706510909,1
0.6263068529593967,2.415246299324859,0,-1.8096925519245306,0
-1.6478436454476006,0.34885262200056444,2,-0.6346527335166954,0
2.5840894933791807,1.4375822330438393,1,0.5778689505220962,1
-0.7655321627500069,-0.605309816514388,1,-0.46092640427569564,0
1.2418655767777353,1.437158260237209,1,-1.4969745617252541,1
-0.8298878137192485,0.8163235798059465,1,-1.0253086246358512,0
0.3699701289196943,0.8924123983750935,2,-1.9885107534198743,1
1.0166339529990318,0.36456438301318683,0,0.5933330970034982,1
-0.3221777537961156,1.171271645400016,2,-1.1732178541427336,0
-0.7489443485439249,1.3854117265999006,0,-1.199786519933601,0
-1.5265723617342744,0.40684650400043243,2,-0.6196994641009175,0
1.7164888377116658,0.5702632618718482,0,0.38808841705665187,1
-0.31674377525910424,1.734574954232047,0,-1.3897457686263954,0
-1.0727197983976693,1.034976832382185,0,-0.9206410160995683,0
-1.8489701254446813,0.16467468687004094,1,-0.5666777635321887,0
-0.9079856168988419,1.2846973354394733,2,-1.1011562166726654,0
0.24440331801807158,3.025511404907888,0,-1.979986211135612,0
1.064967586775386,0.6246840278966749,0,-0.8788483756194676,1
-1.1034726418952565,1.4394028051616177,0,-1.111334935969176,0
1.4886990809101663,2.3277199883385387,0,-2.8167784908108593,1
-1.6055898032801208,1.709026944373489,2,-1.2147012590153674,0
-0.07754571953055389,1.6435392136750475,1,-1.3820674298709543,0
-0.07984464382738543,1.2420310855362078,0,-2.5421882767936275,1
0.7837366306627823,1.6049721402722241,0,-1.4776957627695277,1
-0.8196756682261253,0.8450207883755073,0,-0.9351619237882096,0
-1.912194267631385,1.1866432971297058,0,-0.9080062758420948,0
0.5737529971195516,1.207825727062997,1,-2.433864469098475,1
0.10461381683916704,0.49305039505447756,1,-1.0589812756980295,0
0.7966306755319997,1.589542274190106,0,-2.148804037117022,1
-1.201919327956582,0.2872025747957805,0,-0.5906771364529835,0
1.7027802760434112,1.2578597921197647,2,0.023932677424751247,1
0.6593531549850408,0.12970793933144997,1,-0.33708828002798663,1
1.5010291741666832,0.6469458126117689,1,0.7276314519475231,1
1.7526569386848418,1.7620889144510188,0,-1.2283573659533662,1
-0.32034464369044735,0.6561798327785882,0,-1.0401988242899556,0
1.0008446520529795,0.9704136487678704,1,-0.5584895826247156,1
-0.7986336919896266,0.46502715229157054,2,-1.0220270171360228,0
1.0552698239150533,1.7591962452455658,0,-0.693377435125365,1
0.6457584108761467,0.8914457739653893,2,-1.5101793887240476,1
1.3950193793456274,2.3416910792329872,1,-2.7456890139366017,1
0.9377318867538063,1.2695957452996582,0,-2.3727288961351514,1
1.083529550931831,1.351474377736098,2,-1.1597833200897925,1
0.3558998728763354,0.6789692492558155,2,-1.087853070097248,0
0.8326330227419908,1.999290706530037,1,-2.8409476011493844,1
0.29162073498202856,0.9241314540398545,1,-1.681199217216811,1
0.014909824433250396,-0.19745813636783827,0,-0.6616529873031965,0
-0.14398924351812925,2.5773928933832293,2,-1.688094135476474,0
-0.8422225898860857,0.34564995047543623,0,-0.683296648214245,0
-3.4645448372573955,0.6053184022393869,0,-0.48644722924346717,0
-1.1461094722524545,0.31941362271104135,1,-0.7400682251586311,0
1.5957908206606932,1.338114600185926,0,-1.2898864917578399,1
0.9641230903859099,0.40557421331763166,0,-0.3692205985160103,1
1.0666608137111828,1.9591515025738022,2,-1.9674894727182073,1
-1.8267039552571989,-0.48635129886653794,0,-0.46801766461247596,0
-0.16223255706955564,0.21982569407831754,0,-0.9383729571767686,0
1.2253705555532017,2.3371963238484694,1,-3.597960658425997,1
0.6372331046493721,0.5779625796811485,1,0.07136468005813801,1
-1.7066925454636475,0.49341196465229387,2,-0.7354616393940604,0
0.6127302760563673,0.9590188074352117,0,-1.8384444297707698,1
1.299712931595573,0.5029538067269503,2,0.3430826023854021,1
-0.9447456825303951,0.6185764586330361,2,-0.8925530322620789,0
1.5235929437962743,1.1584624381581634,0,-0.5028897346971484,1
-1.3907163503518158,1.3694812383726949,2,-0.99592417283148,0
1.2156765736343293,1.87639732883293,2,-2.3085688772144577,1
-1.597862029776989,1.9050892876038752,0,-1.2115746010874344,0
-0.663648658363934,0.8554917493825793,0,-0.9854510599082793,0
1.4818455461911246,0.7477890962985485,1,0.07627031103164916,1
1.2131488241272863,1.1385558653457069,0,-0.9981542411316782,1
-1.739825606804763,0.18359999569039487,1,-0.4734512291070031,0
-1.8527711112569127,0.4171116645242309,2,-0.7308053910770997,0
-1.3125186713681793,1.8943066316212318,2,-1.335606938713977,0
-0.02663337934750376,-0.1333332187056968,0,-0.6600643602693033,1
0.935981963928461,1.8612353214618897,1,-1.615393538001185,0
-1.4310355579874117,2.2409978919886555,2,-1.39918222848972,0
1.4105796370339763,0.6905052340888729,1,0.018487157937972398,1
-1.3509145466880748,1.2155964394103902,1,-1.0184124621275135,0
1.2047198660372969,1.8360901927994386,1,-2.182818565911018,1
-0.9820865310827187,0.35761104607949024,1,-0.7672104130886643,0
-0.9309566224701853,1.285741651283823,1,-1.119326642055821,0
-1.1536602941165461,0.8315723112836523,0,-1.0012939650273216,0
-0.5109787499204217,1.5296462291775592,0,-1.1886494152204938,0
1.1566571165963873,0.8291817625439963,0,-1.607334607632086,1
1.4544995948839212,0.28271773458132754,0,1.034861383590708,1
0.770134674432321,1.9573612708151105,0,-1.7207352021721278,0
1.3178290893222442,0.741464551543864,2,-0.04377298960516485,1
0.6015724590679052,0.4593009771532228,0,-0.18330154094551354,1
1.0714530537943254,0.8958756383476707,2,-1.3387903710578055,1
0.33067923763052465,1.6072520327653552,1,-2.4717479837994842,1
-1.5917262033208437,1.1409898474703697,2,-0.9030558043498806,0
0.9050511803440993,1.6800250364641294,0,-2.0380572356255735,1
1.227156350999832,0.37311848029850736,2,-0.6059493352169134,1
0.809957075821939,1.0719925402056654,1,-1.203053731305983,1
-0.8249854137963937,1.3467513072421653,0,-1.1720249840562202,0
1.0771352068784714,0.8363324542887773,0,-0.6846859111840513,1
-1.2742022514017448,-0.19693726360626385,2,-0.47547578289175485,0
1.3719965717798082,2.2484476988595983,2,-3.661853997644658,1
-0.38798831466962114,0.5867484292240519,0,-0.9156920414941447,0
0.9415768627627888,1.2065568584061566,0,-0.8362289551958262,1
-0.5320282981422428,0.9495220093173242,1,-1.0839373938042725,0
1.0191183704426654,2.0197267964552283,1,-2.65654550218719,1
-2.6613479854445288,-0.3108477030939629,2,-0.19246206883593886,0
1.2488400126135462,1.1992976195592426,0,-0.9231395555930383,1
-1.4719140238771187,2.3559591342159436,1,-1.3106814145895724,0
0.7951921327709717,1.5459398726372449,0,-1.5975400881887292,1
-0.07451722934095029,-0.16379675555694484,2,-0.816566118149663,0
1.3209167446035253,1.8709941215321713,1,-2.696748970897822,1
-0.044132548472573974,0.03411399716300656,0,-0.9519849303310195,0
-2.158977863607223,-0.9212512687356977,1,-0.19066108607579457,0
-0.981344360533132,3.0997991205621114,1,-1.6792946631133479,0
1.2276508630564014,1.2775345605166986,1,-1.1698018276683948,1
-0.6960839329474644,0.49970426914964394,0,-0.8907752573301244,0
-0.47062247527324996,0.6213438450918939,0,-0.9951356023828902,0
0.4483511085399784,0.697453079265578,1,-0.2556243229795244,1
-0.8908373663633541,0.6560354907528966,2,-0.9294152483590686,0
0.8627499960349825,1.5811718057170125,1,-2.5780304501150972,1
-0.39767821813102666,1.1292880780290129,2,-1.156926767622318,0
-0.8225622896995002,2.1277859912928485,0,-1.3246437943809748,0
-0.37114919881197683,1.5162202716817272,0,-1.4129724842529336,0
-1.969514310592852,1.341321231137266,0,-0.9079160805520102,0
0.00936490017659719,0.6694955090347202,1,-2.0542105373653006,1
0.44804643194374494,2.2101841646492737,0,-2.804610273335527,1
-0.5474624120310216,0.8434160660746333,2,-1.0072128108844904,0
0.589382267455226,-0.008612556238931646,1,0.7525434973366842,1
-0.7273928930237705,1.176317125465641,1,-1.126170911783818,0
-1.0796101492073058,1.9887989781687043,2,-1.2826369167525453,0
0.03203705131171675,1.3232828620225887,1,-1.2848320192926652,0
1.2619111704451922,1.8586534601739522,2,-2.322069826119066,1
1.010315765934379,1.7801977944526712,1,-2.4731594685083245,1
0.15612274410629534,0.0060709277186771216,1,-0.8401565444959308,0
-2.4666073353994387,0.2070951223691173,0,-0.41367150144657705,0
-0.5073746724712853,-0.07969175385871474,0,-1.3063986220195702,1
-1.643161392983461,1.9794670239272905,1,-1.154959759874856,0
-0.4849828741567219,-0.2730678061797298,1,0.19353338102886775,1
1.3012817900160139,1.1411400021582645,2,-0.22396766255216427,1
-0.6659100516744131,1.3076586332025262,0,-1.2178880645452885,0
-0.1271475546591696,-0.40853072299871096,0,-0.8303284827769466,1
0.5819334735512096,0.6184873369958641,1,-1.1433908505262194,1
-1.4706740151085773,1.211563815149313,2,-0.9684930512687736,0
-0.2637340531007698,1.7247812006311467,2,-1.362863183281188,0
0.9908230931895093,0.6377777318872078,1,-0.593063653073834,1
0.3587861642809478,0.170998203742317,1,-1.5400248939715686,1
-1.3521772572407076,-0.26036727134059134,0,-0.5275539697143411,0
0.36415327605858616,0.017832371180970474,1,-0.8506204664830513,0
-1.0106957189382926,1.0311163912165486,0,-1.1111866801916142,0
-0.35905642398717763,2.052724844939843,0,-1.364900126565335,0
0.8367252245896883,2.002887248403373,2,-3.4732943044644875,1
0.04038952725910727,1.6291607843391773,0,-1.3866791040058946,0
-1.0129474964024068,0.6410100549546855,0,-0.874375765862595,0
2.0612481118089665,1.5139514537535876,1,-0.01986869786532286,1
1.4340058096922852,1.0265400645334357,2,-0.48258448694278955,1
-1.5975735595089111,0.05215744023226154,0,-0.6381988191280162,0
0.8408235934481889,0.06228465816360573,2,0.5407429407130764,1
0.757512184359522,0.7911070190890375,0,-1.8110806681175304,1
-1.1116795282921106,1.5954054014050316,2,-1.2628368768546863,0
0.326370596992696,0.9382157243022895,2,-1.2504377147249854,0
-0.32240470163052337,0.3602375312699917,1,-0.906421043061279,0
1.3091256876904565,-0.4766186454089474,2,2.610392453307689,1
0.9876172866943559,0.31958097279702524,0,-0.7282260078455789,1
0.5202526385250567,1.074706467111375,1,-1.9681429857913508,1
1.7808248394174977,1.1640233782997662,1,-0.27285769534399407,1
-0.5649525969917737,2.249716019918755,2,-1.447839047786683,0
-1.2762064076491964,0.8874741065685824,1,-0.9095859274094646,0
0.18540616298320245,0.8720887888617026,0,-1.2024068016721299,0
-0.14837435399694854,1.064678702612006,1,-1.1966062272444529,0
1.7130866836271235,1.0350375458341947,0,-0.7349777932040992,1
0.7077217759773853,1.0830592669564805,2,-1.2278532293079476,1
0.36978760101712327,0.46186443741577676,2,-0.8601764928052732,1
-0.5476923178168525,1.8991135723719719,2,-1.42012908964272,0
1.345031219833364,0.9789301862106393,0,-1.2571891659825174,1
-1.1446519981771692,0.15499132693815332,0,-0.7174522215208436,0
1.6907958026536236,1.8373562217657309,0,-1.4683268267467948,1
0.9258985024340418,1.8805243106021918,0,-2.376870766652587,1
0.9988668841398792,1.8240307214247995,1,-2.4545477127053057,1
0.6503433170047745,1.09613659006006,0,-2.2211709892720037,1
1.0377687765823538,1.5649767784204824,2,-1.9551599484725495,1
1.0839303958640223,0.3442551117031182,2,0.3472533607311301,1
1.084493060286959,1.64093385656575,2,-1.227536457603761,1
0.8078133928415787,1.164161494004568,2,-1.4629970302234658,1
1.1879672658638802,1.004904954339153,1,-1.025766176966211,1
0.6436762427905556,0.8966159096674944,2,-1.353016706250956,1
1.2184530364855135,1.211345214020991,1,-1.2099364754941329,1
-0.9725884015221001,1.046274784339299,0,-1.0606988720409933,0
-2.6936193467614125,0.39129537057376784,0,-0.5260765305728489,0
-1.8379962461644266,0.08887911661828307,0,-0.5374073913849456,0
-0.3453373878432987,-0.11358338020364078,2,-0.808586744805559,0
0.7070609591855679,0.772064023562023,0,-0.7734715903530976,1
-0.8437605227304462,0.3751541385525704,2,-0.8345696246590075,0
0.24185239057213592,1.2980032303357403,0,-2.0155987937259248,1
1.3901217633910155,0.8502569920756576,1,-1.4042338288786602,0
-2.5179430944715917,0.26045881758356015,2,-0.5303919404898877,0
0.16089121137439977,0.4161347108784299,2,-1.395991059558631,1
1.534980089187481,1.682284694247309,1,-0.8173919888660838,1
0.2535249633570489,1.0089031361338445,2,-1.2969081715852788,1
-1.023838691943063,1.650775948472461,2,-1.1431696722445663,0
0.8730960628844467,1.6485142425237038,1,-2.0133754225632563,1
-1.3900713920606498,0.7261472393812453,0,-0.7818559583566408,0
0.6148276606555843,0.8023133886706699,1,-1.1014883768067987,1
0.6063978999248643,0.7763801146272578,2,-1.271568994516763,0
0.5933862253801201,1.3882783156143592,1,-2.8154635187705486,1
0.5565910536442664,2.0145697291822313,0,-1.5976000811467486,0
0.5190730375460411,0.052109868639244716,0,0.4844412145107986,1
0.7291299108497928,0.6421986578688957,2,-0.8479037098981421,1
1.0960393311796417,2.1426492688743473,2,-1.8047771882859267,0
0.4565734453982888,0.9533809290875669,0,-1.6820716697280025,1
1.1376964692360754,1.5200972770743717,0,-1.428723441156668,1
-1.2054052935611674,1.877546338863574,1,-1.250566753022314,0
0.2820564630372524,1.7337236434848293,1,-1.4073688305369585,0
-0.4633863210747272,1.4312909052037492,1,-1.2734235802083442,0
-1.1869702551980894,0.5570566545299023,1,-0.8478741763098809,0
-0.5153698192575362,0.817032985064885,0,-1.1487254021663127,0
-0.8896068492958629,0.6047308946905763,0,-0.9190956127553167,0
0.6689896945388466,1.578957123072362,2,-2.334052253718885,1
-0.7211765927418938,1.7067598441066938,2,-1.2797370302721556,0
-1.3370588866572346,1.6105087396684457,2,-1.1774818407077563,0
-1.6825398230009379,2.148129148488297,2,-1.3528814989379843,0
-0.7000518919117881,1.5185353151456011,2,-1.1578919577038187,0
1.5931637950796584,1.0489780186187443,0,-1.0244365741296926,1
0.24901369510749571,-0.08384988475802313,1,-0.9032520282229397,0
-0.23236369377630972,2.196052138151309,0,-1.4756809087254916,0
-2.0545268100754726,-0.07873968425950162,2,-0.5448714296285859,0
-0.5682875844599927,1.5650252783820702,0,-1.2696785311744814,0
-0.2932659409787377,1.5378615419355957,2,-1.3925573202157528,0
-0.8270133682114361,1.6119738928290164,2,-1.1936505701753257,0
0.16043447810449218,0.31700231641342913,1,-0.8997461231556132,0
1.629753478145303,1.5850987938666623,1,-1.1007596822121668,1
0.04190085061149085,0.4820514872999814,1,-1.4597585489870895,1
0.9180385296904306,0.6727503667213407,1,0.48038698053929063,1
0.5925610106301007,0.5499156260837648,2,-0.615259361531156,1
-1.9124650855575354,0.9124055500117598,1,-0.8815297986348423,0
0.25899519135457716,-1.1403473966466535,0,-0.47403121416094784,0
1.9202118842682077,1.2179762694809382,2,0.20898278245480006,1
-0.5244979875244398,0.43847801830951105,0,-0.974089724992581,0
-0.5256277818094769,0.4894718273772418,2,-0.9940351553627599,0
-2.592230866225452,0.24080683799392266,1,-0.607656166457827,0
1.4302046905797627,1.4080133696087849,1,-1.53269685039325,1
0.3297940084941734,2.2037024071057276,1,-3.7587026511540076,1
-1.127551039625242,-1.567490538688034,1,-0.07403692497794157,0
1.68498579627154,1.4783610005314105,0,-1.2806060371590884,1
-0.3230622780907202,1.2849630074098108,2,-3.108226389510276,1
1.5523235377788898,1.0379996380600423,2,-0.3138459364827585,1
-0.9604314095852355,1.2232826230351392,0,-1.0370651058119729,0
-1.0021329417625169,0.9818987010296908,0,-1.1779513294384145,0
2.407880789504703,1.576228885337664,2,-0.604540127090047,1
-1.0545256751150196,1.411245891299696,1,-1.09081190475826,0
-0.010559774867020089,0.6008978730706991,2,-1.0630877878440748,0
-1.839365699736312,0.10381582084869156,2,-0.630886515767215,0
0.6193086046969758,0.2762994177418694,1,-0.49302502118857316,1
-0.7413126314200799,1.0644434838033874,1,-1.067376866353757,0
0.36800606823520154,-0.06687925059720179,2,-0.7541186228632809,1
0.8651539229167623,0.3210996204799019,1,0.34991280183697926,1
1.1027645729611963,1.4549774526455648,2,-2.241182128202004,1
1.2621022463101024,0.4119458189684332,2,-0.7566905158477947,1
-0.48154020334164227,0.03629410398219701,0,-0.6628880331889782,0
-1.2438403399005866,3.574555892071237,2,-1.7943452832634212,0
1.500391217980117,1.5504761207147393,2,-1.2976839220750938,1
-1.9461249204348334,2.185479046675014,1,-1.2187359190959803,0
1.4294570544107084,0.5841132849123128,2,1.121101934313978,1
1.1574627093103624,1.0116055598214528,0,-0.7780954662476487,1
-1.717042078969453,1.6961599731792512,2,-1.0161363631024343,0
0.9548397939576202,0.6621419098365922,0,0.24560375255111766,1
-0.0246955677681151,0.30195666466077076,0,0.19162336477592823,1
0.8821692377630866,1.5331448153895237,2,-2.633933793033929,1
0.8089920253180856,0.8023339028670319,1,-0.5184419852142675,1
1.4593106889275347,0.9358403936366992,2,-0.45965209765366544,1
-0.5922359961195296,1.0098338985065662,2,-1.0111149012705152,0
0.7935014392942099,1.799853298898453,0,-3.284082285103917,1
-1.0787043881342622,0.8594553701686584,0,-0.9760011349754524,0
-2.1856490891967875,0.42495660539783264,0,-0.5802163616902445,0
-1.9736304604731725,0.7623233197667817,1,-0.7120721165566122,0
0.5264821094597933,1.7003168678539322,0,-3.0751135767456996,1
-0.4808243468999118,1.4481612361919658,0,-1.2068152591021881,0
-0.2755801176363909,2.339209203263046,0,-1.6126277090396484,0
0.6362656650848535,0.5699803861872765,2,-0.6793294434745281,1
0.9261081425968507,0.8934069858664943,1,-0.3673943919597149,1
0.5279943885686024,0.8198469655139062,0,-1.2031368705122683,1
0.27206476479040165,1.0677657924305088,2,-1.725998952703311,1
0.023978743596113405,1.1676549570380275,1,-1.9180553392156114,1
1.737483713920171,0.5191038322913575,2,1.078397552461721,1
1.1214846066002415,1.2096064127377326,0,-1.08170404028112,1
1.4100735014046855,0.6810612550850182,2,0.5114621077302766,1
0.9623080436941788,0.4606026089295785,2,0.24418038979890055,1
-0.34222935576237523,0.02514438272049957,2,-1.0522204271026412,1
0.5088983265138554,1.6140666840621312,1,-1.5164740587882206,0
-0.7904229346351762,0.29561765542645757,1,-0.8686521559268221,0
0.4507353820552674,0.41686534857662216,0,-0.5508878537380659,1
-0.6376797888759065,1.2195363771460719,1,-1.1431609401992209,0
1.1932941434278872,1.5840167164677512,2,-1.6419925142466005,0
0.9626620618322284,1.1408150864075757,1,-1.0757669510868269,1
0.6640068592730554,0.925580285345455,1,-1.7484723802085538,1
-0.10879438807780206,2.344532268041039,1,-1.6643866438450552,0
1.895902229934103,1.6507810248566366,2,-0.6263794288323565,1
-2.2146433244100594,0.0062657703453816715,2,-0.47368899238251194,0
-1.1839381360430785,2.775508679452977,0,-1.5387859341791863,0
0.3480241336186699,0.9359713127449268,0,-1.629131785334987,1
0.6070651695990676,-0.02112376147331374,2,-0.41079473632038954,1
2.5844217382236745,0.9253850547528855,0,1.159521108266472,1
1.895145976545217,1.244756298921441,0,-0.674211472699236,1
1.9149708493260307,1.773447764898966,1,-1.8116483534237184,1
1.4814296605568344,2.3333477379564167,0,-2.114302506104316,1
1.2847278251308827,1.4273651477563174,0,-1.1381616228915128,1
0.6093436355452655,1.7023890052083432,1,-2.1535213860472364,1
0.06424517480644654,1.758092516304997,1,-1.396288122714464,0
1.081547180177645,2.1076384312982546,2,-2.5559567004244235,1
1.7305797917049925,1.483059554560373,1,-1.0044152122396766,1
1.5059321211573222,1.508020053433161,0,-1.416234459615926,1
-1.246206649129249,0.36451798578788985,2,-0.6548476702859674,0
-1.4030309348788124,0.7829857310846691,0,-0.8282392038068696,0
2.09556895752725,2.2209446640402595,1,-1.8410927106364183,1
-0.596283186542643,0.37206378461959544,1,-0.7746760334724593,0
0.5793728172051232,0.49468747850125716,0,0.2446936501507211,1
-1.667700255103103,0.6038930210141209,2,-0.7528281889976737,0
0.5487807114099544,0.7412347721090944,0,-1.030230997486337,1
-1.6587946597241734,0.5386638031791726,1,-0.7015382621566861,0
-0.9688852780330028,0.6450161509629346,1,-0.9686789207076563,0
-1.7849258742965386,1.0957241344440802,0,-0.9845929418203296,0
0.8942300644022051,0.875342898799148,1,-0.512189300994211,1
0.35168738584405346,2.1133705291126423,1,-1.6387283479773607,0
-0.09981503078352771,0.9360194976438831,1,-1.1247000286731024,0
0.5779153004617328,0.07982949916387583,2,0.3083241973250128,1
0.6840434676558707,0.6286390316722434,2,-1.2209548447265137,0
-0.4116111497424224,2.530660379440287,1,-1.6007925126104134,0
0.7924793154728478,1.88698931321361,1,-3.4558555133859077,1
1.0197873841995702,1.6660620672492388,0,-1.9231776665689897,1
1.4646875900266156,2.3485554621930373,2,-2.5198080017535776,1
1.7693974188499166,1.6332852051715105,2,-1.2670106319001864,1
0.9402109787397546,0.7677141170914906,0,-0.2854761182375143,1
0.1741649057132113,0.5870369333869534,2,-1.1469406974086291,0
-0.40767158202519604,-0.29149375537943056,2,-0.7033660656499587,0
1.3659935638863154,0.33323812907739647,0,0.31230426747437723,1
0.19006635024387708,2.5552156970183892,2,-1.765674666580245,0
-2.0710391924459746,0.5154226859346848,1,-0.5613913976302897,0
-0.25286221286397503,0.6177177310926784,0,-1.9110449797047315,1
-2.8167399234553248,0.6245501142436227,1,-0.5214424103148299,0
-0.01952154472253964,1.6917407901341464,1,-1.3282837467906106,0
-1.3619812989855364,1.5368412087460226,0,-1.1627676976777157,0
0.24473393053049664,0.5780112374438451,1,-0.6899170774518742,1
-0.361007445839303,1.399681426055734,2,-1.2087117788831845,0
-1.7113826870432762,0.975934941986768,1,-0.8816345005567057,0
0.7482144768004759,0.517024267781164,0,0.12330614674886675,1
1.9940490281660717,1.6841501190161001,0,-0.7746414337543395,1
0.7824789236399121,1.7382322793407905,0,-1.5433247470076719,1
0.22397679468453824,0.71826158967102,0,-1.0237086929392374,1
-2.1300108471770898,1.6594502709766843,1,-1.0595698047881605,0
0.8307959729906976,0.6920508293320222,0,-1.1336195124796575,1
-1.7731158157037434,0.7111314980399737,0,-0.73352854535618,0
-0.32707570231489813,1.171630592353682,2,-1.15575951947373,0
0.9897539193403143,0.25737171737266795,1,-0.31804714845901627,1
-0.13679059304638364,1.9058968756561483,2,-1.477035342478596,0
0.7226700404930109,1.5688717715973515,2,-2.6661058173636816,1
-1.9606221044193484,1.5800464700278933,1,-1.1251896123017693,0
1.6027972130780512,1.381527703837312,2,-0.9931716469587873,1
0.454268206711528,0.8770956027079281,0,-1.5495219150695152,1
0.5625573498636195,0.1365534964837012,1,-0.12919645092236398,1
0.6572205403502023,0.7768223023348646,2,-1.230590722048249,0
0.4189884791672136,2.363300874531902,1,-1.7615358631825666,0
1.0396702208644601,0.8979993790376366,1,-1.126029439992613,1
0.5594683894786023,1.4026842107948732,0,-1.7903294184509406,1
-0.2853664575860956,1.6541927602929065,0,-1.3618952105243491,0
-0.2385885211492862,1.0272129962190624,1,-1.958808759086798,1
1.571936476858494,0.08685215726996409,0,1.8824241155702137,1
0.5469370969348255,1.3655851426765793,0,-1.403825230749223,0
-0.6436243867368592,1.0502469419531621,0,-0.9852769439648149,0
0.7842255709363573,0.8440929535841518,0,-0.5513059153964646,1
-1.3453839053049363,2.563260439882315,1,-1.4941128923682137,0
-0.21761483328830478,1.3986769377239359,0,-1.1948988317765192,0
1.2856193592852427,0.7004218981624664,1,-0.2527849436465225,1
1.3002209926205892,1.4491738458043286,0,-1.722767204053972,1
1.4829768841152569,1.911965176493612,1,-1.4807474488672128,1
2.4067519928342866,1.2823808422672,2,0.2519405203021967,1
-1.0079311005284644,1.3202060642274587,0,-1.0610023754372775,0
0.550381113287177,1.1300707378434134,1,-1.7697323765619886,1
0.4727446434536906,1.1590274952088688,1,-1.6895913934736897,1
-1.2649417471225426,0.5332402051987121,0,-0.8625189226908976,0
-1.4760840636483685,0.6674641770557428,0,-0.7014768549395722,0
2.173455370734733,0.6650904004290157,0,1.3798439771936786,1
-1.4068965755287075,-0.456370436723442,1,-0.4592345259485554,0
2.2049992984230062,0.9485389531459899,1,0.6804750447129442,1
-0.7162345519102827,1.938535443864741,2,-1.4220483908983765,0
1.563964580000682,1.387212625325386,0,-0.29552405282707594,1
-1.74289146528087,1.5035889234703963,0,-1.0723792135836505,0
1.496879335426062,0.26938626434517954,1,1.0750991218883104,1
0.3442120502789635,0.6586053723579326,2,-1.1674986618216179,1
-1.5142587671113863,0.5048608760035539,1,-0.6531013116714501,0
0.26696980327071573,-0.10197779081273506,0,-0.8354073672373724,0
1.5418400098165224,1.7656903218734115,1,-1.0966737664728414,1
1.3695673566673365,-0.16148334186999835,0,1.2111623136272427,1
0.5416569138357897,0.27534933760560165,1,-0.37100998665960305,1
1.4521309975995822,1.8048762615647416,2,-2.025945775495245,1
-1.0719463819702013,0.1427924922404582,0,-0.7190294183321287,0
1.21594371794863,0.6245448761971839,0,0.14292828574567085,1
0.5982835157460225,1.5338430091672488,0,-1.3651373064012886,0
1.5911003192076145,1.8948412792447562,0,-1.459313152576001,1
0.6434610800752834,-0.5978334698257455,0,1.579485281057265,1
1.1420410469038649,0.14355666461361438,0,0.3724703368978213,1
2.2149412223694442,1.5340700056227783,2,-1.1839095096509478,1
-0.9547154174395052,0.6498379319345267,1,-0.8321733618865634,0
-3.1975980744168497,-0.18984380177832327,2,-0.1629980793908522,0
0.7199268497152642,0.9546933547900741,1,-0.9730175404514221,1
-1.837463763402638,0.7327562684759674,0,-0.676607438792899,0
-0.6470240214384384,0.876527962730904,1,-0.9934284688325037,0
1.336430276031037,2.1456759073089398,2,-2.3177387828869485,1
-1.2200311403178834,2.0009817069577145,1,-1.3136578835710133,0
-1.606060763265353,1.4227144514834726,0,-0.9941764963864087,0
-1.2967644198573414,0.7729263603971086,1,-0.8637340243874255,0
1.0762401489960363,1.3998336760487924,2,-0.9658742769352738,1
1.4653690597340683,1.199407489292487,2,-0.37840568265335905,1
0.7735010277206036,0.20232964092092598,1,-0.2660304663781251,1
0.9835806301021225,0.42906162692294325,2,0.033047170013311034,1
-1.4893206281352036,0.48372871232415926,2,-0.7874857507606685,0
0.07821133677506409,3.1004132975273047,1,-1.9510792511840007,0
-1.1286498029647107,-0.9896895131950221,0,-0.4115383103692959,0
0.5090403569374606,1.1569974911284207,1,-1.6570425780365075,1
-1.0230236311191239,-0.20099622180970722,2,-0.5862853652169937,0
1.2035140147016805,0.9911757362317104,0,0.0781485545921039,1
-0.5080205071143302,2.9963059935822907,1,-1.7388641373239149,0
1.5657018467064603,1.285572624425956,0,-0.476433156686899,1
-0.8539213530531751,0.09630626473255455,0,-2.029745617720018,1
1.9892223125999693,2.9493526082354915,0,-3.785312184142087,1
-2.0632532767909884,0.9400066795158031,0,-0.7095369966525602,0
1.7329979460468534,2.573352601941602,2,-2.060886580807855,1
0.1730180956504772,0.6020192079046558,2,-1.0549189336812617,0
0.3154509082063165,0.9004833507504301,0,-2.432415356387107,1
-1.8785530724601407,1.2529915083530532,1,-0.954455363900217,0
1.497323834079656,1.2190297295363897,2,-0.626270758449297,1
-1.5502842898522338,-0.23499852851919156,1,-0.5116534208378827,0
-0.7060296364257725,1.031836308229906,0,-1.13911708353898,0
1.1006259515461974,-0.15634865901350303,1,1.0992145098586548,1
0.9181861137092588,1.5303981709134242,1,-1.776699190630794,1
-0.8228349936328208,0.15841467998054348,2,-0.6906911787028123,0
-1.5181584729360988,-0.21656842862265435,2,-0.5320568216136912,0
1.46258115504595,0.1341399397476779,1,1.1379245259440918,1
-0.4087545426683211,2.095053321844011,0,-1.5165800005477035,0
-0.9818453576991093,1.827327452224785,2,-1.3490845639842117,0
-0.6022222378599471,-0.16544973808634778,0,-0.666351099025489,0
-1.37559241815097,-0.31862192661673006,0,-0.5737939745915117,0
1.1492327567887317,1.1865562334354849,0,-1.1278991875962867,1
0.9423541458868469,0.15009751520718007,1,-0.5295755324388849,1
0.035467781522024455,-0.08884425256642126,0,-0.24120174282852935,1
-2.22327373842229,-0.8553748502412863,1,-0.11661268502960487,0
1.917891520840967,1.5462684869148682,0,-0.10345416334274404,1
1.3397845246152162,0.914529508189691,0,0.3149820688851088,1
1.1191367521908775,0.8592275452783246,1,-0.9052486323004695,1
1.0689580390337488,0.21325392101146767,2,0.7591698147900261,1
1.4741827880165825,0.5728396030436811,2,0.266803793150288,1
1.1524334262137095,-0.25782414059902914,0,0.7781200432352788,1
-0.4129615082012643,0.591304714496687,2,-0.8772269163092036,0
-0.3627258861691891,0.5241867858679891,0,-0.9981985060023558,0
-1.3237778678886252,0.3814533731076172,2,-0.7157207865229753,0
0.7128272148378973,0.04121230956230382,0,0.21092574404129594,1
-1.5835785675322196,0.8888644787530743,0,-0.9440919423444362,0
1.9707692326214366,2.11929506103976,0,-1.8051525723910746,1
1.021776576874707,2.732256310997194,2,-3.772073511123129,1
0.4434407352193417,0.19502469441117276,1,-0.925004169384524,0
0.8864199339584339,1.3834550939363934,2,-1.839945443864612,1
-0.02748521521528635,2.459358637485388,1,-1.6552814121980464,0
0.046182226094586776,0.4002148213886898,0,-1.4648914395889228,1
1.3363533372228025,0.24538798811035245,2,0.8936922793053947,1
-1.1632827852556686,0.4092251692486464,1,-0.7924188400046424,0
0.16516877198720115,0.47947921495102985,2,-1.2542339177164044,1
0.40958229397406287,0.541862732764852,0,-1.066161486281049,1
1.1098163313865101,1.400397029212682,0,-0.709370432736036,1
1.569314627431981,0.6444360439652277,2,0.23376869384420296,1
-0.9176053469220987,-0.6790783870393655,2,-0.45975564240853917,0
0.057974661443361386,0.8991511249808372,0,-1.232414500344743,0
2.2670428068182327,0.7136408487936705,0,1.3088523047989407,1
-0.988626495200021,0.5474079015771853,2,-0.8814484235480786,0
-1.6683630138049774,0.24723265093380165,1,-0.6321082589645797,0
-0.25623591318471184,1.466331960105562,2,-3.328288761554961,1
-0.3035492984602083,1.1251836152201018,1,-1.2075666992350524,0
0.031272254566880764,0.30928599478689034,0,0.014366201031370984,1
-0.5488147422848468,-0.9996708417220324,2,0.3264880583188565,1
0.6247710871700984,1.4711254170682548,0,-1.4719915713653653,0
0.9758112306619395,0.5996501423664538,1,-1.281536859275649,0
0.7134104227847398,0.7339916239561983,1,-1.8835232696406812,1
-1.2491025027254143,1.040357409236744,2,-0.8843798245083131,0
0.35580640602099844,2.504781483159694,0,-1.8355771248614485,0
0.4731008819896301,0.344878710817591,2,-1.0831182414003917,0
-1.0457008569786699,0.9869410003587562,2,-0.9893311115580636,0
0.970610824371435,1.9338542297840138,2,-3.554416761808635,1
1.0728258778140867,0.8094400573338993,0,-0.4328142174385039,1
0.05322355822209124,2.250549009078408,0,-1.6496189390707818,0
1.2560764067197803,1.087972292415291,0,-0.7083348159161926,1
-1.066325329145061,1.0187653504531047,2,-1.0065080281417018,0
-1.5054854527195611,-0.258900871648607,1,-0.47820174891454736,0
0.6258006070416566,-0.3509227441246654,1,-0.8662834645469855,0
-1.5699665069249171,0.44349117803349636,1,-0.6445336367475303,0
1.6434204058650383,1.0339274196472756,2,-0.996953459351278,1
-0.34812825787907065,0.4293760848754783,1,-0.9030192489144411,0
-1.0029808984142456,2.1473412815407165,1,-1.3826262438566146,0
-0.4839483617589032,2.6037894229039606,1,-1.6725022633792817,0
1.786300680149934,1.2217479934454556,1,0.2526299159282581,1
-1.807538315679411,0.7381548475198485,0,-0.6940539160417029,0
0.47651061258618155,1.1622634593235395,2,-2.0780978777133665,1
-0.6125397331222744,1.0510415619428939,1,-1.0807902740293862,0
-1.6438364149600684,0.5433722753100763,2,-0.644042210538683,0
-0.45536568668339517,1.5189853236679043,0,-1.2473901146731492,0
0.8303079944636098,0.7093044661574659,2,-0.9154413093060071,1
-1.296042614384402,0.3323808442828483,1,-0.739862700759863,0
0.6167845192608901,1.1158375142618369,2,-1.509946958832273,1
1.094009201533483,1.8857005409218652,1,-2.1628900648203904,1
-1.124097331649638,1.7626694800708158,1,-1.1942351845005814,0
-0.6386335207588683,1.2720599723242116,0,-1.20121700344724,0
-0.35532559714071044,1.4910126087746256,1,-1.2671322670174674,0
-0.6423458891055909,0.9120192649911809,1,-2.8433366303816276,1
-1.1026960114378188,1.2876558843506956,2,-1.0275172634720102,0
-0.8564705720669399,2.963995242031567,0,-1.6685544508394035,0
-0.011722010905850233,1.2786601324536067,2,-1.2069009394127748,0
-1.221839840529362,0.6464178213127493,1,-0.7426320516673055,0
1.74404612129618,0.006782785639034783,1,1.4495489217666444,1
-1.0139963532106997,2.1151816107215673,0,-1.354977768451978,0
1.228884199669178,0.5778898800176564,0,-0.7099613057498928,1
-2.39312765199673,1.4556774520385076,0,-0.9108514138046584,0
-1.4987001070032333,0.9798324717846417,0,-0.8882126395758374,0
-1.3834708603183734,0.034652353766310595,0,-0.5582800671383306,0
-1.8922247710555193,1.54176061148193,1,-1.0321714064274123,0
-1.9199039445403707,1.1771767651078258,0,-0.8685507023925064,0
1.1878064008441742,0.9385159566835324,1,-0.6275177779184753,1
0.6496100391114132,1.585085312696621,2,-3.0241975405874935,1
0.5852827585137746,0.7544990676670953,2,-1.0347464737215826,1
0.9941801113277794,0.46622222087039344,2,0.07455323608606235,1
-0.9984073360660615,0.08826576532353336,0,-0.6676354020678977,0
0.44029589080348086,2.3038238321082414,1,-3.9619848311203123,1
-1.5277057975887172,2.1854379241529873,2,-1.3379821216371095,0
0.07954668421267086,0.40340213424485294,2,-1.1096492747839761,0
-1.2880384421849216,1.510835522093961,1,-1.0258128956197483,0
-0.6366277266446134,0.24515260050980026,2,-0.8171080521423296,0
-0.8291118995507039,1.1501159103157768,0,-1.1138235520222182,0
1.7185535922373907,0.6001488681633511,1,1.455579104461831,1
-3.664032528969812,-0.21080197729027472,1,-0.06386836320071354,0
-1.6671357237328814,0.6707156878223496,1,-0.8406538289558734,0
-0.021740771302515727,0.20932112671746272,2,-1.5973588851433784,1
-0.2128831187577206,1.237903301831988,2,-1.241804677843671,0
0.7038742004858998,-0.03629982639564133,1,0.02111053271206975,1
0.4517877510701829,2.0145766983804574,2,-1.438925687909454,0
-0.859307037905047,0.9195647359176339,2,-1.0346629390524267,0
0.4113187852711333,1.3693608634141305,2,-2.684369174680545,1
0.37102050415645216,0.6962871409729572,2,-1.4533361360360701,1
-1.2866625580377558,0.5274366245257189,2,-0.811721156106507,0
1.5639563348825676,0.4932729562748205,1,0.4831975236590609,1
1.1827720272246725,-0.021239064159605192,1,1.418864195339589,1
1.3033387948487538,1.6684726956124134,2,-2.4503438567874256,1
-1.1615764169078322,2.0280988573946477,2,-1.4079138781853247,0
-0.8277260336108663,0.7439888182931589,1,-0.8950942576015088,0
1.7273416846615994,1.0490648841146948,0,-0.41159009421704407,1
-0.7960733288589964,1.1312311100533297,1,-1.1578704078712918,0
-1.5585686786626298,1.344895252007818,2,-1.0492761058802778,0
0.7752896098456814,0.46170113920339173,0,-0.6400485442596915,1
-1.2287896620511602,1.436409801568597,0,-1.1831195665683232,0
-0.4068533312165833,1.9360849292255482,2,-1.3016905709267805,0
1.0179322209827784,-0.3548258852716142,1,0.6453725026915269,1
-0.14478037557934065,2.7138696531268076,0,-1.7243949376115377,0
1.4400029197143374,1.566018270772989,2,-1.707564678763747,1
-2.00848444240115,0.45993521913936286,1,-0.6867954001484311,0
1.3476610803211222,1.3684132041454815,2,-0.024237141565249143,1
-0.3225254147766601,0.5080391055574863,0,-0.9893262822727026,0
-1.95715599319408,0.32687500073883724,0,-0.6683464963487606,0
-0.02895629210885442,0.30271929306724077,2,-1.4993508874961243,1
0.4796375467704943,2.403670943608943,0,-1.7889395275004292,0
-1.9945569953001643,1.349877342058434,0,-1.023708577860566,0
1.8056161858537854,1.7743943631342742,1,-1.4065063810790175,1
0.9189053698014176,0.8433496963794973,1,-0.8233415802981003,1
-0.4128094151887586,1.3794529805226172,0,-1.1419564793459778,0
0.414151644941984,1.3041684265267497,1,-3.437861948419814,1
1.4097142550389152,0.270786869971407,0,0.10454433867944113,1
-0.7571198877705918,1.4972950273418908,0,-1.180905129735172,0
0.48252306643080134,0.482534704257636,0,-0.6512111406873062,1
1.4946328209797253,0.6500742471394659,0,-0.7258053042417243,1
-0.5933816076768068,1.2205264208368656,2,-1.1560310098004314,0
0.04957462958017245,2.2786977748984727,1,-1.682926270519084,0
1.1577863375980428,1.0204894744095845,0,-0.6449428139844104,1
-1.2132540752917662,0.3654278685638993,0,-0.7718740087153553,0
-1.9065150692257287,0.9304653438436487,0,-0.8438610634345459,0
-0.4235837175467072,1.2768280183910155,0,-1.2161419031561065,0
0.30874618229089323,0.8551900072553853,2,-1.1219350847516436,0
0.927478089801034,0.6291030644699009,1,0.10725331465593246,1
2.130113809847195,2.2805159038342175,0,-1.8385988522570527,1
-0.7237020542798579,2.32345632444234,2,-1.5347469522730472,0
-1.7958604317913034,1.5017919397286104,2,-1.103109636776538,0
-0.7197124037609649,2.3534369314466446,0,-1.3870679451427288,0
-1.9242558320742051,1.597620888432331,1,-0.9375273698219775,0
-1.6458362372472801,-0.911095596538668,1,-0.19900091407269827,0
0.5072565823171351,1.1668488184054446,0,-1.2840442812348842,0
1.19515803766714,-0.09352983989980967,0,1.0084084084963432,1
0.44489051274575675,1.0068608659811409,0,-2.137383464916951,1
-0.37596739516436994,2.058093471204001,0,-1.501908069226574,0
-0.7178379171934972,0.6553966098333095,2,-1.0223462789695403,0
-0.9718470066008701,0.1502274769112527,0,-0.7170315550561763,0
-1.0009650722096746,0.6856867513969973,2,-0.9870685725686438,0
0.6048459942748006,0.8539011469923976,0,-1.5957019231892782,1
0.3778936740092991,1.643361844848609,0,-2.3555180593875003,1
0.8894172173297851,0.3504898653363675,0,0.6862772805212878,1
-0.08263016740155005,0.5080676715180338,1,-0.9101777554038026,0
-0.42754529756719384,2.3744723304232274,2,-1.5035096585210002,0
-1.6162100145717635,2.422917839528302,0,-1.4381549121550794,0
-2.1349289697303178,0.26908549326530284,0,-0.5875237304805121,0
-0.887292868773089,1.0193447996694749,0,-0.901215104063293,0
-1.6986323704565502,0.07537493329528389,0,-0.6262402311077633,0
1.5764617560775929,1.4949478958644087,0,-0.8738606543691336,1
-0.5181291443044587,0.1658713162125568,1,-0.8809563850649706,0
1.67419777660965,1.8830975414697653,1,-1.752656238320587,1
1.0019597931399082,0.8983081407645115,2,-0.5381611505237125,1
-2.892195619381578,2.3386850724006027,2,-1.07084532980577,0
-1.4142858879249087,0.541832820279854,2,-0.7233515497286008,0
0.4032898338260612,1.8014225342334615,1,-3.7057423476726337,1
-0.4673958671552074,1.9014795540504912,0,-1.4105301373106234,0
1.1770501425377706,1.052057688463921,2,-1.6047957147838807,1
0.20278802623484293,0.7511300798336626,1,-1.043860673040802,0
1.5112552711779237,0.9784138868675278,1,-0.34668202321438013,1
0.2635932688101994,0.7222573828256604,1,-1.081044115398407,0
-1.4531438629145916,-0.4532181779208675,2,-0.5348683922495732,0
0.3963082212318789,0.6408450204907283,2,-0.6013975026037959,1
-0.5447055450985339,0.669600017322981,1,-1.031774190186735,0
0.2656716596996881,1.7288310003953635,2,-3.2609553533309006,1
2.2151449690579623,0.7689557572054804,0,0.8702155785426262,1
0.9511949357000752,1.4605306321722973,1,-0.7812915322638838,1
-1.541557580075244,2.1203437229265782,0,-1.3774834760711219,0
-1.1216712584090311,1.5942594480396888,0,-1.163994885979744,0
1.2417139209029535,1.550960669601156,2,-1.672350804763629,1
-0.677862205917187,1.2103002875584248,2,-1.1019227626767545,0
-0.45586084198260846,1.6981984895607667,0,-4.285984494818177,1
-2.1749537325516157,0.9429457070234927,2,-0.7521081121582167,0
0.8559914592446999,0.6578963458317637,2,-1.406804296104421,1
1.8188532883279107,1.7472909589205763,1,-1.2336265728037317,1
-2.3323464464842054,0.47367149419921906,0,-0.6189507600333455,0
2.0376782097418555,0.9800347597201934,1,0.3898307939277188,1
-0.27765847070141025,1.0923637549285625,2,-1.1866095877089053,0
-2.0067082061117856,0.44829163952637063,0,-0.7000038016683181,0
-0.9080067945981154,1.4568095481298011,0,-1.139014449586767,0
1.3916519643913872,2.192733233882008,0,-2.060199665980364,1
-1.607309309105049,0.20708400823803585,0,-0.5587633109509094,0
1.1833976131213058,0.9745953007691026,2,-0.519775099586564,1
-2.7784699905129178,-0.44651919268166074,2,-0.25235489823314994,0
-1.9444650955787486,-0.02994008731774045,2,-0.38649569064730893,0
-2.7825380969942017,-0.4678701801093552,2,-0.23670721964595676,0
0.9432487296500751,0.724750735100224,2,-0.49459137985126445,1
-0.4854900686992475,1.7110071736383934,1,-1.3526240865404469,0
-0.18092213938303003,1.5723469861713235,0,-1.396405429757166,0
0.4297317149826865,2.2836452182338194,2,-1.7271128314749131,0
-2.2868664252573696,1.2707045837265112,1,-0.8442067049322597,0
-0.8228733345546022,1.959441831036519,2,-1.2437742413060655,0
-1.5898586032637878,0.9534809484484398,1,-0.8937584744257291,0
-0.6035040886641265,1.1738721915683532,2,-1.214505977113189,0
1.4059505564207226,0.6642745041628719,1,0.5776183472478926,1
-2.4378547418143164,-0.6642272197552905,1,-0.2106400977904921,0
0.5549732788113897,0.8147210586472218,2,-1.2305229189595026,0
-2.2225832614043064,0.34928992401750536,2,-0.5994892738874729,0
0.41805711487997965,0.7288118480701666,0,-2.2163930194838093,1
0.7747342616671269,0.5393811206637957,1,0.427480920873498,1
0.909254832492038,1.1432268600610396,2,-1.8326545844886675,1
0.9259432716559842,0.9960677132482185,0,-1.7793052860939618,1
0.9392012919553165,2.1189156149724373,1,-2.384027323460704,1
1.3505713498538434,0.7641520636328496,0,-0.12281868594509737,1
-0.4590493590966702,0.4871147462095642,2,-0.8792510086791001,0
-0.9427905312009739,0.2371500827378341,2,-0.7477411013965528,0
1.4651895916862272,1.1877389618299006,1,-1.256566021782023,1
-1.4087404054724666,1.247228426109268,2,-1.047786850255247,0
1.8229091636414525,1.2854506777627002,1,0.5327115058710081,1
-0.9977128334976534,1.4946145081858453,0,-1.1343352862977811,0
2.017498635699134,1.9050674568906218,2,-1.8622892094566303,1
0.11130110854565656,0.8665032227105167,0,-1.203031867878999,0
-0.22333724928989307,0.1818497385035096,1,-0.7852634429316112,1
0.7288420396305254,0.43127533952176667,0,-0.2698604077360811,1
0.15516485814180725,0.37411758885788937,1,-1.0996554945680723,0
3.110196588315098,1.5484051710206552,1,0.8331782077403411,1
1.4274470563589048,1.103085498665096,1,-0.670576372686633,1
-1.6952065086299957,0.18544160589334213,0,-0.6498560312578778,0
0.9698676130855602,1.3821686123533408,0,-1.4276925897926278,1
-0.4999204608353873,0.7942078181822039,0,-1.038800743256245,0
0.2527659592195064,2.0034095172994584,2,-1.5669556855597397,0
1.0018525280729822,1.0325489785929594,0,-0.7173559148421875,1
1.5896132714063387,0.7783612712146881,0,0.3670123450660465,1
-1.1611536335709445,2.1780707720942174,1,-1.3953261909328758,0
0.1994601105124585,0.27360514887584486,0,-0.5901681849717216,1
0.9442105527334332,1.9683571083648408,2,-3.0114761038210744,1
0.5706590552923541,2.1762354370943244,2,-3.2012179778193808,1
1.9258339152062907,1.662892462724952,1,-1.3610711488656502,1
0.07457753175216153,1.8364911615848674,2,-1.4301728615447349,0
1.4120164130090842,1.0906164527668518,0,-0.7110489238666672,1
-1.2463367933880218,0.7201033403014343,0,-0.7604616493410828,0
-1.298140160341676,-0.1741671912257412,1,-0.5473652081256671,0
0.504732474323484,-1.2968430444395609,2,1.3864971644332016,1
-1.1542296199806268,1.1387284858179911,0,-0.956753264751761,0
-2.327373406523097,1.223197460809666,0,-0.8003365667967894,0
-0.41946638776974565,-0.10218805077435267,2,-0.7877212531612626,0
0.771045978600399,1.3059408455763906,1,-2.191081796707192,1
-1.021022624373667,1.005693887932935,2,-1.0672110841058653,0
0.43700032432374214,1.7344748415923361,1,-1.4855800900678908,0
-0.5746363414440465,1.4033218986606517,2,-1.233213166126983,0
-0.23114710540171146,0.31822496321334715,2,-0.8094103470854732,0
0.4961458170842049,0.6913232920995938,1,-1.0059168014023465,1
-2.2041923791070612,1.7934357281757904,2,-0.9495274205050679,0
-1.5341338740963435,-1.7845176117199144,0,0.03984341402353153,0
1.1035070579477564,0.5838378862536195,1,-0.12658592085354692,1
1.371106540537046,0.599692922376228,1,0.4687047665252584,1
-0.011694468096141497,0.24356878719772324,0,-1.0662295571084521,1
-1.4012427236229323,1.0097883727357313,0,-0.9636617129190682,0
-0.8303520826147985,1.7347020204960195,2,-1.3387515262159717,0
0.35487046194776284,0.0902628100500883,1,0.24591214855050425,1
1.8292173377279946,1.7428606501755652,2,-1.0357672754303966,1
-0.66412016399496,1.538856170925695,2,-1.234894115766931,0
-0.008098743080953152,1.050422148088957,2,-1.0816121097360651,0
0.9969321953225281,1.0809378578247753,2,-1.0479195359074345,1
1.265782043387505,0.44939763328995397,0,1.020826894348374,1
-2.312391735963523,1.5576292428556147,0,-0.9874535333688094,0
1.3990992182179052,1.4139336618550495,0,-1.2818380971499381,1
1.4266566731352224,1.7357200287964885,2,-1.6296180787259105,1
0.3961228974366723,1.2606912543748972,2,-2.0818481491883665,1
-2.307601439455537,1.1753540662325708,1,-0.8622260347221455,0
-0.6454098979559886,1.3718903580449604,0,-1.2129865287689163,0
1.5383674366903906,0.908361538588779,2,-0.6185752185113056,1
-0.43930756658659353,1.3941133169517483,0,-3.1915568938141488,1
1.929824291543846,2.86234154226052,2,-2.3123069813646313,1
0.6005359228471345,0.13401060985453128,2,-0.22620418503411255,1
-0.9971742913232994,0.14828046951143814,2,-0.6983597787761864,0
1.0009422202021308,0.5253415675487345,0,-0.7282166079901761,1
0.41883537472041465,0.530362086684628,0,-1.5252256559618722,1
0.41353793320171306,0.23403128187712718,2,-0.3490294316352611,1
-0.15086661728938977,0.7050480165017294,0,-1.0956788631973133,0
-0.26494131620035,1.1458040826873095,2,-1.1702890022536487,0
0.515924792419229,0.4447309121250733,1,-1.1773528685908332,0
0.9607416425887791,0.1286913318746481,0,0.503273236667644,1
0.9587613140645191,0.7281816475627152,0,-0.2701195685356683,1
1.4427645864138103,1.730035105019657,2,-1.2350886887979446,1
0.18103146880982957,1.7238913070658737,1,-1.43909532298459,0
-0.3173554082596618,3.0682080861936205,1,-1.9933223886220441,0
-1.7593886913348178,1.8545450050141552,2,-1.1945650500207203,0
-0.9017246864180154,0.780959959488987,2,-0.8927597372356199,0
0.9985460744082968,0.8129139448591711,0,-1.0238812499928513,1
-2.445511456254077,0.9240358721979247,0,-0.7247446994948716,0
-0.2633800043832899,0.8451370073593807,2,-1.1173534449922344,0
1.7137786265501656,0.740458120327661,0,-0.061837051554497924,1
-0.9235961215966593,0.587275334024754,0,-0.8160358288407166,0
2.0648247592201425,2.270839388271744,1,-2.6236216996200925,1
1.520906829695246,0.8876759480869075,2,-0.043004251323857656,1
-0.1753862437297694,0.18379899607769123,0,-0.8020099745791215,0
-0.3635238774429631,1.8092322005386592,0,-1.4182310442199235,0
-0.24596189871342378,1.624451185711591,0,-1.3668657146002265,0
-1.280028635018241,1.4974957088430736,1,-1.1934238311086753,0
1.8095810833258272,1.2032770179416403,2,-0.5598377721860834,1
-0.996326938846263,0.3026454395506404,0,-0.7924848778952097,0
-1.6612831325773914,0.4842332738938204,2,-0.6494712091585226,0
0.43557222412037655,1.1559698467020052,1,-1.3601659947246731,0
-1.5415666646863744,-0.6794455078356862,1,-0.2937056170493443,0
0.7016212483820343,1.7647516320283057,0,-2.4834989009184043,1
-0.4866222628147805,0.6569118595079725,0,-1.1518839139362038,1
-0.7866832210615249,2.817892622258192,1,-1.6912366745575582,0
0.9426791920753483,0.8867814530152937,1,-1.2237110305368872,1
1.5756981476837015,0.9175865498708773,2,0.20953439676163943,1
-0.14470002862883835,1.176151930675221,2,-1.1856129351995555,0
-0.7502091946684573,1.877028179763838,0,-1.4198242911538386,0
0.3341288129148481,1.0563330188122504,0,-1.7567187465959888,1
1.0095777881180086,0.10040346322713589,0,0.3503719163673391,1
-0.6396776480143089,1.5696787603329034,2,-1.2102281758481856,0
1.4116428275358757,2.6737698452118375,0,-3.641294442782794,1
0.7891174273263013,1.05634779392304,1,-1.288836575164104,1
-0.6593181817658418,1.1633798498909098,0,-1.088850933217552,0
0.06147635829782461,0.4574241621259951,0,-1.0230970869026534,0
-1.5514073986821448,1.043767306718822,0,-0.9466886459710477,0
-0.31279350067535194,-0.15406436216820563,1,-0.8435525407039626,0
-1.197327796539189,1.2292102827027156,1,-1.0027442593349525,0
0.8832167201253032,1.1182078839134082,1,-1.5591707730254973,1
-0.005332675701751111,0.877176138998621,0,-1.2003763926806588,0
-0.3793843580343701,0.46749696940288343,1,-2.5858176740722616,1
1.565535430676783,1.7148032333452272,2,-2.1555877797526897,1
1.388999944272527,0.5892394529496263,0,0.437824377457537,1
0.347227990604674,0.9259589238730401,2,-2.468714206683824,1
1.7482417727821515,0.43150616760708493,0,1.2346758377149722,1
-0.031602917452642654,2.7043739323914,0,-1.8546203241461794,0
-0.13714896627551698,0.7201050909184636,2,-1.7652436661053614,1
1.124818391388212,1.7131321205192522,1,-1.6624866661660875,0
0.9201519664755784,0.39408729785583263,0,0.5543814118931334,1
-0.39092355259525746,1.665328014907134,2,-1.26107621725418,0
-1.757825007491456,0.5215901743545415,0,-0.8592129851840427,0
0.39415030288300335,2.3665256008445166,1,-1.699288462946443,0
-1.6237436595696033,-0.5510143282694391,1,-0.3585900752144989,0
-2.111200569331279,-0.34904494517004814,1,-0.31489581543060663,0
-0.29935896067577183,-0.6439137467994023,2,-0.5990806914929816,0
-0.9664308784769245,1.4725013912652094,1,-1.1908016551194116,0
1.1825222520593401,0.9876682438094009,1,-0.42695403125777187,1
0.77396701071319,0.9583321662800348,0,-1.1312877568359576,1
0.6023546667897262,0.3119336820471723,2,-1.1926281195804112,1
-0.12740716950369047,0.5337040231889658,0,-1.0567162850373053,1
-0.0654382128022627,-0.26662720138078266,0,-0.7955257149071582,0
0.5370475216743862,0.2115416647055024,2,-0.40572673621421773,1
2.149954247959892,1.47545434188382,0,0.11038592484388898,1
2.0233954952824305,1.1485684012305932,1,0.6518013424608329,1
-0.9882424397025105,0.41514720726292575,2,-0.7860103170359777,0
1.2280150650124373,1.1058944408039943,1,-1.3799611322769334,1
-1.3096302044503356,1.9448481238052726,0,-1.189966634684616,0
-0.8880244059719796,1.3807846335882945,0,-1.055873688786461,0
0.6238852968952696,-0.431136642877306,1,0.9364650015100962,1
-0.18609097130946128,1.5783542528650134,2,-1.3657621025919098,0
-0.5668011193103972,-0.26545835019813535,2,-0.3744483168065227,1
-0.5927732867186455,2.024382590625185,0,-1.4237011805167845,0
0.9284679728848222,1.3265401560092394,0,-1.4229629937198376,1
1.3573137736600795,0.6519466388502793,2,0.029270146086766813,1
-1.362538559877212,3.3895987356398942,0,-1.6916714499501064,0
1.8892048810359534,1.6456714251309705,1,-0.8260037203558135,1
0.8802124585574221,0.1876401844876372,0,0.11631707038577987,1
0.3984285419624598,1.6454146355260373,0,-1.4962822494371866,0
0.38256571152542695,1.139248155123487,1,-1.8762710507569942,1
-0.8980443372844997,0.5819810152004774,2,-0.9772947105720806,0
-1.6057889063402397,0.035050220017894596,0,-0.5597255829417515,0
0.4046307945007125,0.9680884971634502,1,-1.0650675733565325,1
-1.218709006512707,1.520738281234192,0,-1.1234304267806297,0
-0.021486387494908277,0.07633180990347754,0,-1.5106464388805025,1
-0.02321566625546234,0.12446306160144471,0,0.3062652383461224,1
-1.2417268129860282,0.2586515851236798,2,-0.7844863871072948,0
-1.4209914820500127,1.9405745391875144,0,-1.201997369553657,0
-0.45103014929205343,-0.3600712337159071,2,-0.8474784693821926,1
0.25061433973558844,2.4859282866055548,2,-1.724511925505139,0
1.0213950606446458,1.4374125097779786,0,-1.5741447430562399,1
-0.7738705523951624,2.621597285621645,2,-1.6711631775114264,0
2.3290814751300086,1.1420692272036979,1,1.2401421615271904,1
0.5608880170037134,0.09427292048215008,1,0.1386281983814217,1
-1.5197507418281364,0.6250134614727165,1,-0.7495405378424851,0
1.3789281353526124,0.7212322436398585,0,0.13290643972360794,1
-0.5290415350517872,1.2768302298820622,0,-1.1840182504831651,0
-0.7566377061529034,4.959801345227888e-05,2,-0.7640468124044304,0
-1.0351812542294563,0.7361071507331972,1,-0.9001198889824306,0
-0.11374722677135063,0.5789562827079064,1,-2.035453934437851,1
0.6331622831765624,-0.1579276078650924,1,0.518074285370111,1
1.2428301388322467,1.1750107804601684,1,-1.169568117998097,1
-1.2516624030824586,1.1017668541228072,0,-1.0341140806295346,0
-1.7353812670258022,-1.7138509731840488,0,0.05708869605482292,0
-0.13545294844538436,-0.7444535820007561,0,-0.6726965969339425,0
-0.7242221084346567,0.10942547962916616,2,-0.7193908222790846,0
-0.2013497735441756,-0.006975476192533581,2,0.27262958693098627,1
-1.5484354892373646,1.5857569842539885,0,-1.0926737663260018,0
-0.29082212039631494,2.2715148569299908,0,-1.536993519255057,0
0.24073364116638774,0.8739807328805677,0,-1.037148038104943,1
0.9762502414096541,1.4817789473548402,1,-1.6188968848280891,0
1.7061807571459344,0.7465068998680424,1,0.45035364399722777,1
0.3830265157263373,1.277101860213493,0,-2.737136893209746,1
1.792585034494547,1.604087952896537,0,-1.431985888058156,1
0.6427885237595599,-0.024771327595521253,0,0.33100930744441004,1
-0.3022703091086293,1.3199066546003595,1,-1.150834923568278,0
1.0716184976031313,-0.4336637432035846,0,1.9095622507340129,1
1.382233285981977,1.2485984911653656,1,-0.43940018870245057,1
0.9448301862816995,0.6305112660677156,2,-0.37960116278986566,1
0.8886425914614056,0.002651767202002664,0,-0.08191245492281751,1
1.0936685003735231,0.6495930568994199,2,0.01914013453786434,1
